1,necklace,Sapphire Necklace,1499,"Amulette de Cartier necklace, XS model, 18K white pearl, onyx, set with a brilliant-cut diamond of 0.02 carats. Diameter of motif: 12 mm. Adjustable chain: 38-41 cm.","Enhance your elegance with our exquisite necklace collection, meticulously crafted to captivate hearts and spark conversations. Our necklaces blend timeless sophistication with contemporary flair, offering you a wearable piece of art that exudes charm and grace.

Indulge in the luxury of intricate designs, each necklace meticulously handcrafted by skilled artisans, ensuring every detail reflects perfection. From delicate chains adorned with shimmering gemstones to bold statement pieces that demand attention, our collection caters to every style and occasion.",img/necklace_88.jpg
2,necklace,Cyan necklace,1899,"Amulette de Cartier necklace, XS model, 18K white pearl, onyx, set with a brilliant-cut diamond of 0.02 carats. Diameter of motif: 12 mm. Adjustable chain: 38-41 cm.","Enhance your elegance with our exquisite necklace collection, meticulously crafted to captivate hearts and spark conversations. Our necklaces blend timeless sophistication with contemporary flair, offering you a wearable piece of art that exudes charm and grace.

Indulge in the luxury of intricate designs, each necklace meticulously handcrafted by skilled artisans, ensuring every detail reflects perfection. From delicate chains adorned with shimmering gemstones to bold statement pieces that demand attention, our collection caters to every style and occasion.",img/necklace_89.jpg
3,necklace,Diamond Necklace,1599,"Amulette de Cartier necklace, XS model, 18K white pearl, onyx, set with a brilliant-cut diamond of 0.02 carats. Diameter of motif: 12 mm. Adjustable chain: 38-41 cm.","Enhance your elegance with our exquisite necklace collection, meticulously crafted to captivate hearts and spark conversations. Our necklaces blend timeless sophistication with contemporary flair, offering you a wearable piece of art that exudes charm and grace.

Indulge in the luxury of intricate designs, each necklace meticulously handcrafted by skilled artisans, ensuring every detail reflects perfection. From delicate chains adorned with shimmering gemstones to bold statement pieces that demand attention, our collection caters to every style and occasion.",img/necklace_91.jpg
4,necklace,Diamond Necklace,1899,"Amulette de Cartier necklace, XS model, 18K white pearl, onyx, set with a brilliant-cut diamond of 0.02 carats. Diameter of motif: 12 mm. Adjustable chain: 38-41 cm.","Enhance your elegance with our exquisite necklace collection, meticulously crafted to captivate hearts and spark conversations. Our necklaces blend timeless sophistication with contemporary flair, offering you a wearable piece of art that exudes charm and grace.

Indulge in the luxury of intricate designs, each necklace meticulously handcrafted by skilled artisans, ensuring every detail reflects perfection. From delicate chains adorned with shimmering gemstones to bold statement pieces that demand attention, our collection caters to every style and occasion.",img/necklace_93.jpg
5,necklace,Diamond Necklace,1399,"Amulette de Cartier necklace, XS model, 18K white pearl, onyx, set with a brilliant-cut diamond of 0.02 carats. Diameter of motif: 12 mm. Adjustable chain: 38-41 cm.","Enhance your elegance with our exquisite necklace collection, meticulously crafted to captivate hearts and spark conversations. Our necklaces blend timeless sophistication with contemporary flair, offering you a wearable piece of art that exudes charm and grace.

Indulge in the luxury of intricate designs, each necklace meticulously handcrafted by skilled artisans, ensuring every detail reflects perfection. From delicate chains adorned with shimmering gemstones to bold statement pieces that demand attention, our collection caters to every style and occasion.",img/necklace_95.jpg
6,necklace,Diamond Necklace,2899,"Amulette de Cartier necklace, XS model, 18K white pearl, onyx, set with a brilliant-cut diamond of 0.02 carats. Diameter of motif: 12 mm. Adjustable chain: 38-41 cm.","Enhance your elegance with our exquisite necklace collection, meticulously crafted to captivate hearts and spark conversations. Our necklaces blend timeless sophistication with contemporary flair, offering you a wearable piece of art that exudes charm and grace.

Indulge in the luxury of intricate designs, each necklace meticulously handcrafted by skilled artisans, ensuring every detail reflects perfection. From delicate chains adorned with shimmering gemstones to bold statement pieces that demand attention, our collection caters to every style and occasion.",img/necklace_96.jpg
7,necklace,Triple Gold Layer Necklace,1899,"Amulette de Cartier necklace, XS model, 18K white pearl, onyx, set with a brilliant-cut diamond of 0.02 carats. Diameter of motif: 12 mm. Adjustable chain: 38-41 cm.","Enhance your elegance with our exquisite necklace collection, meticulously crafted to captivate hearts and spark conversations. Our necklaces blend timeless sophistication with contemporary flair, offering you a wearable piece of art that exudes charm and grace.

Indulge in the luxury of intricate designs, each necklace meticulously handcrafted by skilled artisans, ensuring every detail reflects perfection. From delicate chains adorned with shimmering gemstones to bold statement pieces that demand attention, our collection caters to every style and occasion.",img/necklace_154.jpg
8,necklace,Flower Necklace,1899,"Amulette de Cartier necklace, XS model, 18K white pearl, onyx, set with a brilliant-cut diamond of 0.02 carats. Diameter of motif: 12 mm. Adjustable chain: 38-41 cm.","Enhance your elegance with our exquisite necklace collection, meticulously crafted to captivate hearts and spark conversations. Our necklaces blend timeless sophistication with contemporary flair, offering you a wearable piece of art that exudes charm and grace.

Indulge in the luxury of intricate designs, each necklace meticulously handcrafted by skilled artisans, ensuring every detail reflects perfection. From delicate chains adorned with shimmering gemstones to bold statement pieces that demand attention, our collection caters to every style and occasion.",img/necklace_10.jpg
9,necklace,Heart Necklace,1399,"Amulette de Cartier necklace, XS model, 18K white pearl, onyx, set with a brilliant-cut diamond of 0.02 carats. Diameter of motif: 12 mm. Adjustable chain: 38-41 cm.","Enhance your elegance with our exquisite necklace collection, meticulously crafted to captivate hearts and spark conversations. Our necklaces blend timeless sophistication with contemporary flair, offering you a wearable piece of art that exudes charm and grace.

Indulge in the luxury of intricate designs, each necklace meticulously handcrafted by skilled artisans, ensuring every detail reflects perfection. From delicate chains adorned with shimmering gemstones to bold statement pieces that demand attention, our collection caters to every style and occasion.",img/necklace_29.jpg
10,necklace,Yellow Pearl Necklace,2499,"Amulette de Cartier necklace, XS model, 18K white pearl, onyx, set with a brilliant-cut diamond of 0.02 carats. Diameter of motif: 12 mm. Adjustable chain: 38-41 cm.","Enhance your elegance with our exquisite necklace collection, meticulously crafted to captivate hearts and spark conversations. Our necklaces blend timeless sophistication with contemporary flair, offering you a wearable piece of art that exudes charm and grace.

Indulge in the luxury of intricate designs, each necklace meticulously handcrafted by skilled artisans, ensuring every detail reflects perfection. From delicate chains adorned with shimmering gemstones to bold statement pieces that demand attention, our collection caters to every style and occasion.",img/necklace_30.jpg
11,necklace,Green Pearl Necklace,1599,"Amulette de Cartier necklace, XS model, 18K white pearl, onyx, set with a brilliant-cut diamond of 0.02 carats. Diameter of motif: 12 mm. Adjustable chain: 38-41 cm.","Enhance your elegance with our exquisite necklace collection, meticulously crafted to captivate hearts and spark conversations. Our necklaces blend timeless sophistication with contemporary flair, offering you a wearable piece of art that exudes charm and grace.

Indulge in the luxury of intricate designs, each necklace meticulously handcrafted by skilled artisans, ensuring every detail reflects perfection. From delicate chains adorned with shimmering gemstones to bold statement pieces that demand attention, our collection caters to every style and occasion.",img/necklace_31.jpg
12,necklace,White Diamond Necklace,1499,"Amulette de Cartier necklace, XS model, 18K white pearl, onyx, set with a brilliant-cut diamond of 0.02 carats. Diameter of motif: 12 mm. Adjustable chain: 38-41 cm.","Enhance your elegance with our exquisite necklace collection, meticulously crafted to captivate hearts and spark conversations. Our necklaces blend timeless sophistication with contemporary flair, offering you a wearable piece of art that exudes charm and grace.

Indulge in the luxury of intricate designs, each necklace meticulously handcrafted by skilled artisans, ensuring every detail reflects perfection. From delicate chains adorned with shimmering gemstones to bold statement pieces that demand attention, our collection caters to every style and occasion.",img/necklace_34.jpg
13,necklace,LOVE word Necklace,2499,"Amulette de Cartier necklace, XS model, 18K white pearl, onyx, set with a brilliant-cut diamond of 0.02 carats. Diameter of motif: 12 mm. Adjustable chain: 38-41 cm.","Enhance your elegance with our exquisite necklace collection, meticulously crafted to captivate hearts and spark conversations. Our necklaces blend timeless sophistication with contemporary flair, offering you a wearable piece of art that exudes charm and grace.

Indulge in the luxury of intricate designs, each necklace meticulously handcrafted by skilled artisans, ensuring every detail reflects perfection. From delicate chains adorned with shimmering gemstones to bold statement pieces that demand attention, our collection caters to every style and occasion.",img/necklace_35.jpg
14,necklace,White Small Stone Necklace,1499,"Amulette de Cartier necklace, XS model, 18K white pearl, onyx, set with a brilliant-cut diamond of 0.02 carats. Diameter of motif: 12 mm. Adjustable chain: 38-41 cm.","Enhance your elegance with our exquisite necklace collection, meticulously crafted to captivate hearts and spark conversations. Our necklaces blend timeless sophistication with contemporary flair, offering you a wearable piece of art that exudes charm and grace.

Indulge in the luxury of intricate designs, each necklace meticulously handcrafted by skilled artisans, ensuring every detail reflects perfection. From delicate chains adorned with shimmering gemstones to bold statement pieces that demand attention, our collection caters to every style and occasion.",img/necklace_36.jpg
15,necklace,Rose & White Gold Necklace,1599,"Amulette de Cartier necklace, XS model, 18K white pearl, onyx, set with a brilliant-cut diamond of 0.02 carats. Diameter of motif: 12 mm. Adjustable chain: 38-41 cm.","Enhance your elegance with our exquisite necklace collection, meticulously crafted to captivate hearts and spark conversations. Our necklaces blend timeless sophistication with contemporary flair, offering you a wearable piece of art that exudes charm and grace.

Indulge in the luxury of intricate designs, each necklace meticulously handcrafted by skilled artisans, ensuring every detail reflects perfection. From delicate chains adorned with shimmering gemstones to bold statement pieces that demand attention, our collection caters to every style and occasion.",img/necklace_37.jpg
16,necklace,Yellow & White Gold Necklace,1499,"Amulette de Cartier necklace, XS model, 18K white pearl, onyx, set with a brilliant-cut diamond of 0.02 carats. Diameter of motif: 12 mm. Adjustable chain: 38-41 cm.","Enhance your elegance with our exquisite necklace collection, meticulously crafted to captivate hearts and spark conversations. Our necklaces blend timeless sophistication with contemporary flair, offering you a wearable piece of art that exudes charm and grace.

Indulge in the luxury of intricate designs, each necklace meticulously handcrafted by skilled artisans, ensuring every detail reflects perfection. From delicate chains adorned with shimmering gemstones to bold statement pieces that demand attention, our collection caters to every style and occasion.",img/necklace_38.jpg
17,necklace,White Gold Diamond Necklace,2499,"Amulette de Cartier necklace, XS model, 18K white pearl, onyx, set with a brilliant-cut diamond of 0.02 carats. Diameter of motif: 12 mm. Adjustable chain: 38-41 cm.","Enhance your elegance with our exquisite necklace collection, meticulously crafted to captivate hearts and spark conversations. Our necklaces blend timeless sophistication with contemporary flair, offering you a wearable piece of art that exudes charm and grace.

Indulge in the luxury of intricate designs, each necklace meticulously handcrafted by skilled artisans, ensuring every detail reflects perfection. From delicate chains adorned with shimmering gemstones to bold statement pieces that demand attention, our collection caters to every style and occasion.",img/necklace_39.jpg
18,necklace,Flower Petal Pattern Necklace,1599,"Amulette de Cartier necklace, XS model, 18K white pearl, onyx, set with a brilliant-cut diamond of 0.02 carats. Diameter of motif: 12 mm. Adjustable chain: 38-41 cm.","Enhance your elegance with our exquisite necklace collection, meticulously crafted to captivate hearts and spark conversations. Our necklaces blend timeless sophistication with contemporary flair, offering you a wearable piece of art that exudes charm and grace.

Indulge in the luxury of intricate designs, each necklace meticulously handcrafted by skilled artisans, ensuring every detail reflects perfection. From delicate chains adorned with shimmering gemstones to bold statement pieces that demand attention, our collection caters to every style and occasion.",img/necklace_41.jpg
19,necklace,Small Three Flower Necklace,1599,"Amulette de Cartier necklace, XS model, 18K white pearl, onyx, set with a brilliant-cut diamond of 0.02 carats. Diameter of motif: 12 mm. Adjustable chain: 38-41 cm.","Enhance your elegance with our exquisite necklace collection, meticulously crafted to captivate hearts and spark conversations. Our necklaces blend timeless sophistication with contemporary flair, offering you a wearable piece of art that exudes charm and grace.

Indulge in the luxury of intricate designs, each necklace meticulously handcrafted by skilled artisans, ensuring every detail reflects perfection. From delicate chains adorned with shimmering gemstones to bold statement pieces that demand attention, our collection caters to every style and occasion.",img/necklace_42.jpg
20,necklace,Beautiful Gold Necklace,1299,"Amulette de Cartier necklace, XS model, 18K white pearl, onyx, set with a brilliant-cut diamond of 0.02 carats. Diameter of motif: 12 mm. Adjustable chain: 38-41 cm.","Enhance your elegance with our exquisite necklace collection, meticulously crafted to captivate hearts and spark conversations. Our necklaces blend timeless sophistication with contemporary flair, offering you a wearable piece of art that exudes charm and grace.

Indulge in the luxury of intricate designs, each necklace meticulously handcrafted by skilled artisans, ensuring every detail reflects perfection. From delicate chains adorned with shimmering gemstones to bold statement pieces that demand attention, our collection caters to every style and occasion.",img/necklace_43.jpg
21,necklace,Simple White Gold Necklace,2499,"Amulette de Cartier necklace, XS model, 18K white pearl, onyx, set with a brilliant-cut diamond of 0.02 carats. Diameter of motif: 12 mm. Adjustable chain: 38-41 cm.","Enhance your elegance with our exquisite necklace collection, meticulously crafted to captivate hearts and spark conversations. Our necklaces blend timeless sophistication with contemporary flair, offering you a wearable piece of art that exudes charm and grace.

Indulge in the luxury of intricate designs, each necklace meticulously handcrafted by skilled artisans, ensuring every detail reflects perfection. From delicate chains adorned with shimmering gemstones to bold statement pieces that demand attention, our collection caters to every style and occasion.",img/necklace_44.jpg
22,necklace,Diamond Cult Necklace ,1499,"Amulette de Cartier necklace, XS model, 18K white pearl, onyx, set with a brilliant-cut diamond of 0.02 carats. Diameter of motif: 12 mm. Adjustable chain: 38-41 cm.","Enhance your elegance with our exquisite necklace collection, meticulously crafted to captivate hearts and spark conversations. Our necklaces blend timeless sophistication with contemporary flair, offering you a wearable piece of art that exudes charm and grace.

Indulge in the luxury of intricate designs, each necklace meticulously handcrafted by skilled artisans, ensuring every detail reflects perfection. From delicate chains adorned with shimmering gemstones to bold statement pieces that demand attention, our collection caters to every style and occasion.",img/necklace_45.jpg
23,necklace,White Heart Necklace ,1599,"Amulette de Cartier necklace, XS model, 18K white pearl, onyx, set with a brilliant-cut diamond of 0.02 carats. Diameter of motif: 12 mm. Adjustable chain: 38-41 cm.","Enhance your elegance with our exquisite necklace collection, meticulously crafted to captivate hearts and spark conversations. Our necklaces blend timeless sophistication with contemporary flair, offering you a wearable piece of art that exudes charm and grace.

Indulge in the luxury of intricate designs, each necklace meticulously handcrafted by skilled artisans, ensuring every detail reflects perfection. From delicate chains adorned with shimmering gemstones to bold statement pieces that demand attention, our collection caters to every style and occasion.",img/necklace_80.jpg
24,necklace,Small Clove Necklace ,1499,"Amulette de Cartier necklace, XS model, 18K white pearl, onyx, set with a brilliant-cut diamond of 0.02 carats. Diameter of motif: 12 mm. Adjustable chain: 38-41 cm.","Enhance your elegance with our exquisite necklace collection, meticulously crafted to captivate hearts and spark conversations. Our necklaces blend timeless sophistication with contemporary flair, offering you a wearable piece of art that exudes charm and grace.

Indulge in the luxury of intricate designs, each necklace meticulously handcrafted by skilled artisans, ensuring every detail reflects perfection. From delicate chains adorned with shimmering gemstones to bold statement pieces that demand attention, our collection caters to every style and occasion.",img/necklace_81.jpg
25,necklace,Peacock Feather  Necklace,2499,"Amulette de Cartier necklace, XS model, 18K white pearl, onyx, set with a brilliant-cut diamond of 0.02 carats. Diameter of motif: 12 mm. Adjustable chain: 38-41 cm.","Enhance your elegance with our exquisite necklace collection, meticulously crafted to captivate hearts and spark conversations. Our necklaces blend timeless sophistication with contemporary flair, offering you a wearable piece of art that exudes charm and grace.

Indulge in the luxury of intricate designs, each necklace meticulously handcrafted by skilled artisans, ensuring every detail reflects perfection. From delicate chains adorned with shimmering gemstones to bold statement pieces that demand attention, our collection caters to every style and occasion.",img/necklace_82.jpg
26,necklace,Green Diamond Necklace,2499,"Amulette de Cartier necklace, XS model, 18K white pearl, onyx, set with a brilliant-cut diamond of 0.02 carats. Diameter of motif: 12 mm. Adjustable chain: 38-41 cm.","Enhance your elegance with our exquisite necklace collection, meticulously crafted to captivate hearts and spark conversations. Our necklaces blend timeless sophistication with contemporary flair, offering you a wearable piece of art that exudes charm and grace.

Indulge in the luxury of intricate designs, each necklace meticulously handcrafted by skilled artisans, ensuring every detail reflects perfection. From delicate chains adorned with shimmering gemstones to bold statement pieces that demand attention, our collection caters to every style and occasion.",img/necklace_83.jpg
27,necklace,Pink Flower Necklace ,2499,"Amulette de Cartier necklace, XS model, 18K white pearl, onyx, set with a brilliant-cut diamond of 0.02 carats. Diameter of motif: 12 mm. Adjustable chain: 38-41 cm.","Enhance your elegance with our exquisite necklace collection, meticulously crafted to captivate hearts and spark conversations. Our necklaces blend timeless sophistication with contemporary flair, offering you a wearable piece of art that exudes charm and grace.

Indulge in the luxury of intricate designs, each necklace meticulously handcrafted by skilled artisans, ensuring every detail reflects perfection. From delicate chains adorned with shimmering gemstones to bold statement pieces that demand attention, our collection caters to every style and occasion.",img/necklace_84.jpg
28,necklace,Triple layer Gold Necklace,2499,"Amulette de Cartier necklace, XS model, 18K white pearl, onyx, set with a brilliant-cut diamond of 0.02 carats. Diameter of motif: 12 mm. Adjustable chain: 38-41 cm.","Enhance your elegance with our exquisite necklace collection, meticulously crafted to captivate hearts and spark conversations. Our necklaces blend timeless sophistication with contemporary flair, offering you a wearable piece of art that exudes charm and grace.

Indulge in the luxury of intricate designs, each necklace meticulously handcrafted by skilled artisans, ensuring every detail reflects perfection. From delicate chains adorned with shimmering gemstones to bold statement pieces that demand attention, our collection caters to every style and occasion.",img/necklace_85.jpg
29,necklace,Five Layer White Gold pearl Necklace,2499,"Amulette de Cartier necklace, XS model, 18K white pearl, onyx, set with a brilliant-cut diamond of 0.02 carats. Diameter of motif: 12 mm. Adjustable chain: 38-41 cm.","Enhance your elegance with our exquisite necklace collection, meticulously crafted to captivate hearts and spark conversations. Our necklaces blend timeless sophistication with contemporary flair, offering you a wearable piece of art that exudes charm and grace.

Indulge in the luxury of intricate designs, each necklace meticulously handcrafted by skilled artisans, ensuring every detail reflects perfection. From delicate chains adorned with shimmering gemstones to bold statement pieces that demand attention, our collection caters to every style and occasion.",img/necklace_86.jpg
30,necklace,Spiral Pink Necklace,2499,"Amulette de Cartier necklace, XS model, 18K white pearl, onyx, set with a brilliant-cut diamond of 0.02 carats. Diameter of motif: 12 mm. Adjustable chain: 38-41 cm.","Enhance your elegance with our exquisite necklace collection, meticulously crafted to captivate hearts and spark conversations. Our necklaces blend timeless sophistication with contemporary flair, offering you a wearable piece of art that exudes charm and grace.

Indulge in the luxury of intricate designs, each necklace meticulously handcrafted by skilled artisans, ensuring every detail reflects perfection. From delicate chains adorned with shimmering gemstones to bold statement pieces that demand attention, our collection caters to every style and occasion.",img/necklace_87.jpg
31,earrings,Rose Gold earrings,899,"Amulette de Cartier earrings, XS model, 18K yellow gold, white mother-of-pearl, set with 2 brilliant-cut diamonds totaling 0.05 carats. Diameter of motifs: 12 mm.","Step into a world of elegance and refinement with our captivating earrings collection, where every piece is a testament to exquisite craftsmanship and timeless beauty. From delicate studs to dazzling chandeliers, our earrings are designed to adorn your ears with grace and sophistication, elevating your ensemble to new heights of style.

Indulge in the allure of our meticulously crafted designs, each pair meticulously created by skilled artisans using the finest materials and attention to detail. Whether you prefer the understated elegance of classic pearls, the sparkling brilliance of diamonds, or the vibrant hues of gemstones, our collection offers a diverse range of styles to suit every taste and occasion.",img/1.jpg
32,earrings,Rose Gold Star earrings,799,"Amulette de Cartier earrings, XS model, 18K yellow gold, white mother-of-pearl, set with 2 brilliant-cut diamonds totaling 0.05 carats. Diameter of motifs: 12 mm.","Step into a world of elegance and refinement with our captivating earrings collection, where every piece is a testament to exquisite craftsmanship and timeless beauty. From delicate studs to dazzling chandeliers, our earrings are designed to adorn your ears with grace and sophistication, elevating your ensemble to new heights of style.

Indulge in the allure of our meticulously crafted designs, each pair meticulously created by skilled artisans using the finest materials and attention to detail. Whether you prefer the understated elegance of classic pearls, the sparkling brilliance of diamonds, or the vibrant hues of gemstones, our collection offers a diverse range of styles to suit every taste and occasion.",img/7.jpg
33,earrings,Gold Leaf earrings,899,"Amulette de Cartier earrings, XS model, 18K yellow gold, white mother-of-pearl, set with 2 brilliant-cut diamonds totaling 0.05 carats. Diameter of motifs: 12 mm.","Step into a world of elegance and refinement with our captivating earrings collection, where every piece is a testament to exquisite craftsmanship and timeless beauty. From delicate studs to dazzling chandeliers, our earrings are designed to adorn your ears with grace and sophistication, elevating your ensemble to new heights of style.

Indulge in the allure of our meticulously crafted designs, each pair meticulously created by skilled artisans using the finest materials and attention to detail. Whether you prefer the understated elegance of classic pearls, the sparkling brilliance of diamonds, or the vibrant hues of gemstones, our collection offers a diverse range of styles to suit every taste and occasion.",img/8.jpg
34,earrings,24K Gold Leaf earrings,599,"Amulette de Cartier earrings, XS model, 18K yellow gold, white mother-of-pearl, set with 2 brilliant-cut diamonds totaling 0.05 carats. Diameter of motifs: 12 mm.","Step into a world of elegance and refinement with our captivating earrings collection, where every piece is a testament to exquisite craftsmanship and timeless beauty. From delicate studs to dazzling chandeliers, our earrings are designed to adorn your ears with grace and sophistication, elevating your ensemble to new heights of style.

Indulge in the allure of our meticulously crafted designs, each pair meticulously created by skilled artisans using the finest materials and attention to detail. Whether you prefer the understated elegance of classic pearls, the sparkling brilliance of diamonds, or the vibrant hues of gemstones, our collection offers a diverse range of styles to suit every taste and occasion.",img/9.jpg
35,earrings,Gold Pearl earrings,1599,"Amulette de Cartier earrings, XS model, 18K yellow gold, white mother-of-pearl, set with 2 brilliant-cut diamonds totaling 0.05 carats. Diameter of motifs: 12 mm.","Step into a world of elegance and refinement with our captivating earrings collection, where every piece is a testament to exquisite craftsmanship and timeless beauty. From delicate studs to dazzling chandeliers, our earrings are designed to adorn your ears with grace and sophistication, elevating your ensemble to new heights of style.

Indulge in the allure of our meticulously crafted designs, each pair meticulously created by skilled artisans using the finest materials and attention to detail. Whether you prefer the understated elegance of classic pearls, the sparkling brilliance of diamonds, or the vibrant hues of gemstones, our collection offers a diverse range of styles to suit every taste and occasion.",img/10.jpg
36,earrings,Peacock Gold earrings,999,"Amulette de Cartier earrings, XS model, 18K yellow gold, white mother-of-pearl, set with 2 brilliant-cut diamonds totaling 0.05 carats. Diameter of motifs: 12 mm.","Step into a world of elegance and refinement with our captivating earrings collection, where every piece is a testament to exquisite craftsmanship and timeless beauty. From delicate studs to dazzling chandeliers, our earrings are designed to adorn your ears with grace and sophistication, elevating your ensemble to new heights of style.

Indulge in the allure of our meticulously crafted designs, each pair meticulously created by skilled artisans using the finest materials and attention to detail. Whether you prefer the understated elegance of classic pearls, the sparkling brilliance of diamonds, or the vibrant hues of gemstones, our collection offers a diverse range of styles to suit every taste and occasion.",img/18.jpg
37,earrings,Blue Peacock Long gold earrings ,789,"Amulette de Cartier earrings, XS model, 18K yellow gold, white mother-of-pearl, set with 2 brilliant-cut diamonds totaling 0.05 carats. Diameter of motifs: 12 mm.","Step into a world of elegance and refinement with our captivating earrings collection, where every piece is a testament to exquisite craftsmanship and timeless beauty. From delicate studs to dazzling chandeliers, our earrings are designed to adorn your ears with grace and sophistication, elevating your ensemble to new heights of style.

Indulge in the allure of our meticulously crafted designs, each pair meticulously created by skilled artisans using the finest materials and attention to detail. Whether you prefer the understated elegance of classic pearls, the sparkling brilliance of diamonds, or the vibrant hues of gemstones, our collection offers a diverse range of styles to suit every taste and occasion.",img/19.jpg
38,earrings,Pink-White Diamond earrings,849,"Amulette de Cartier earrings, XS model, 18K yellow gold, white mother-of-pearl, set with 2 brilliant-cut diamonds totaling 0.05 carats. Diameter of motifs: 12 mm.","Step into a world of elegance and refinement with our captivating earrings collection, where every piece is a testament to exquisite craftsmanship and timeless beauty. From delicate studs to dazzling chandeliers, our earrings are designed to adorn your ears with grace and sophistication, elevating your ensemble to new heights of style.

Indulge in the allure of our meticulously crafted designs, each pair meticulously created by skilled artisans using the finest materials and attention to detail. Whether you prefer the understated elegance of classic pearls, the sparkling brilliance of diamonds, or the vibrant hues of gemstones, our collection offers a diverse range of styles to suit every taste and occasion.",img/20.jpg
39,earrings,Pink-Green-White Diamond earrings,859,"Amulette de Cartier earrings, XS model, 18K yellow gold, white mother-of-pearl, set with 2 brilliant-cut diamonds totaling 0.05 carats. Diameter of motifs: 12 mm.","Step into a world of elegance and refinement with our captivating earrings collection, where every piece is a testament to exquisite craftsmanship and timeless beauty. From delicate studs to dazzling chandeliers, our earrings are designed to adorn your ears with grace and sophistication, elevating your ensemble to new heights of style.

Indulge in the allure of our meticulously crafted designs, each pair meticulously created by skilled artisans using the finest materials and attention to detail. Whether you prefer the understated elegance of classic pearls, the sparkling brilliance of diamonds, or the vibrant hues of gemstones, our collection offers a diverse range of styles to suit every taste and occasion.",img/21.jpg
40,earrings,Pink Stone Jhumka earrings,849,"Amulette de Cartier earrings, XS model, 18K yellow gold, white mother-of-pearl, set with 2 brilliant-cut diamonds totaling 0.05 carats. Diameter of motifs: 12 mm.","Step into a world of elegance and refinement with our captivating earrings collection, where every piece is a testament to exquisite craftsmanship and timeless beauty. From delicate studs to dazzling chandeliers, our earrings are designed to adorn your ears with grace and sophistication, elevating your ensemble to new heights of style.

Indulge in the allure of our meticulously crafted designs, each pair meticulously created by skilled artisans using the finest materials and attention to detail. Whether you prefer the understated elegance of classic pearls, the sparkling brilliance of diamonds, or the vibrant hues of gemstones, our collection offers a diverse range of styles to suit every taste and occasion.",img/23.jpg
41,earrings,Red-Green Heart earrings,749,"Amulette de Cartier earrings, XS model, 18K yellow gold, white mother-of-pearl, set with 2 brilliant-cut diamonds totaling 0.05 carats. Diameter of motifs: 12 mm.","Step into a world of elegance and refinement with our captivating earrings collection, where every piece is a testament to exquisite craftsmanship and timeless beauty. From delicate studs to dazzling chandeliers, our earrings are designed to adorn your ears with grace and sophistication, elevating your ensemble to new heights of style.

Indulge in the allure of our meticulously crafted designs, each pair meticulously created by skilled artisans using the finest materials and attention to detail. Whether you prefer the understated elegance of classic pearls, the sparkling brilliance of diamonds, or the vibrant hues of gemstones, our collection offers a diverse range of styles to suit every taste and occasion.",img/24.jpg
42,earrings,Beautiful Pearl-Diamond earrings,799,"Amulette de Cartier earrings, XS model, 18K yellow gold, white mother-of-pearl, set with 2 brilliant-cut diamonds totaling 0.05 carats. Diameter of motifs: 12 mm.","Step into a world of elegance and refinement with our captivating earrings collection, where every piece is a testament to exquisite craftsmanship and timeless beauty. From delicate studs to dazzling chandeliers, our earrings are designed to adorn your ears with grace and sophistication, elevating your ensemble to new heights of style.

Indulge in the allure of our meticulously crafted designs, each pair meticulously created by skilled artisans using the finest materials and attention to detail. Whether you prefer the understated elegance of classic pearls, the sparkling brilliance of diamonds, or the vibrant hues of gemstones, our collection offers a diverse range of styles to suit every taste and occasion.",img/25.jpg
43,earrings,Small Pink Diamond earrings,899,"Amulette de Cartier earrings, XS model, 18K yellow gold, white mother-of-pearl, set with 2 brilliant-cut diamonds totaling 0.05 carats. Diameter of motifs: 12 mm.","Step into a world of elegance and refinement with our captivating earrings collection, where every piece is a testament to exquisite craftsmanship and timeless beauty. From delicate studs to dazzling chandeliers, our earrings are designed to adorn your ears with grace and sophistication, elevating your ensemble to new heights of style.

Indulge in the allure of our meticulously crafted designs, each pair meticulously created by skilled artisans using the finest materials and attention to detail. Whether you prefer the understated elegance of classic pearls, the sparkling brilliance of diamonds, or the vibrant hues of gemstones, our collection offers a diverse range of styles to suit every taste and occasion.",img/26.jpg
44,earrings,Pink Diamond Leaf earrings,1199,"Amulette de Cartier earrings, XS model, 18K yellow gold, white mother-of-pearl, set with 2 brilliant-cut diamonds totaling 0.05 carats. Diameter of motifs: 12 mm.","Step into a world of elegance and refinement with our captivating earrings collection, where every piece is a testament to exquisite craftsmanship and timeless beauty. From delicate studs to dazzling chandeliers, our earrings are designed to adorn your ears with grace and sophistication, elevating your ensemble to new heights of style.

Indulge in the allure of our meticulously crafted designs, each pair meticulously created by skilled artisans using the finest materials and attention to detail. Whether you prefer the understated elegance of classic pearls, the sparkling brilliance of diamonds, or the vibrant hues of gemstones, our collection offers a diverse range of styles to suit every taste and occasion.",img/27.jpg
45,earrings,Beautiful Swan Shaped earrings,599,"Amulette de Cartier earrings, XS model, 18K yellow gold, white mother-of-pearl, set with 2 brilliant-cut diamonds totaling 0.05 carats. Diameter of motifs: 12 mm.","Step into a world of elegance and refinement with our captivating earrings collection, where every piece is a testament to exquisite craftsmanship and timeless beauty. From delicate studs to dazzling chandeliers, our earrings are designed to adorn your ears with grace and sophistication, elevating your ensemble to new heights of style.

Indulge in the allure of our meticulously crafted designs, each pair meticulously created by skilled artisans using the finest materials and attention to detail. Whether you prefer the understated elegance of classic pearls, the sparkling brilliance of diamonds, or the vibrant hues of gemstones, our collection offers a diverse range of styles to suit every taste and occasion.",img/42.jpg
46,earrings,Fire Stone earrings,899,"Amulette de Cartier earrings, XS model, 18K yellow gold, white mother-of-pearl, set with 2 brilliant-cut diamonds totaling 0.05 carats. Diameter of motifs: 12 mm.","Step into a world of elegance and refinement with our captivating earrings collection, where every piece is a testament to exquisite craftsmanship and timeless beauty. From delicate studs to dazzling chandeliers, our earrings are designed to adorn your ears with grace and sophistication, elevating your ensemble to new heights of style.

Indulge in the allure of our meticulously crafted designs, each pair meticulously created by skilled artisans using the finest materials and attention to detail. Whether you prefer the understated elegance of classic pearls, the sparkling brilliance of diamonds, or the vibrant hues of gemstones, our collection offers a diverse range of styles to suit every taste and occasion.",img/46.jpg
47,earrings,Yellow Stone earrings,789,"Amulette de Cartier earrings, XS model, 18K yellow gold, white mother-of-pearl, set with 2 brilliant-cut diamonds totaling 0.05 carats. Diameter of motifs: 12 mm.","Step into a world of elegance and refinement with our captivating earrings collection, where every piece is a testament to exquisite craftsmanship and timeless beauty. From delicate studs to dazzling chandeliers, our earrings are designed to adorn your ears with grace and sophistication, elevating your ensemble to new heights of style.

Indulge in the allure of our meticulously crafted designs, each pair meticulously created by skilled artisans using the finest materials and attention to detail. Whether you prefer the understated elegance of classic pearls, the sparkling brilliance of diamonds, or the vibrant hues of gemstones, our collection offers a diverse range of styles to suit every taste and occasion.",img/47.jpg
48,earrings,Yellow Gold Stud earrings,999,"Amulette de Cartier earrings, XS model, 18K yellow gold, white mother-of-pearl, set with 2 brilliant-cut diamonds totaling 0.05 carats. Diameter of motifs: 12 mm.","Step into a world of elegance and refinement with our captivating earrings collection, where every piece is a testament to exquisite craftsmanship and timeless beauty. From delicate studs to dazzling chandeliers, our earrings are designed to adorn your ears with grace and sophistication, elevating your ensemble to new heights of style.

Indulge in the allure of our meticulously crafted designs, each pair meticulously created by skilled artisans using the finest materials and attention to detail. Whether you prefer the understated elegance of classic pearls, the sparkling brilliance of diamonds, or the vibrant hues of gemstones, our collection offers a diverse range of styles to suit every taste and occasion.",img/72.jpg
49,earrings,Diamond earrings,899,"Amulette de Cartier earrings, XS model, 18K yellow gold, white mother-of-pearl, set with 2 brilliant-cut diamonds totaling 0.05 carats. Diameter of motifs: 12 mm.","Step into a world of elegance and refinement with our captivating earrings collection, where every piece is a testament to exquisite craftsmanship and timeless beauty. From delicate studs to dazzling chandeliers, our earrings are designed to adorn your ears with grace and sophistication, elevating your ensemble to new heights of style.

Indulge in the allure of our meticulously crafted designs, each pair meticulously created by skilled artisans using the finest materials and attention to detail. Whether you prefer the understated elegance of classic pearls, the sparkling brilliance of diamonds, or the vibrant hues of gemstones, our collection offers a diverse range of styles to suit every taste and occasion.",img/73.jpg
50,earrings,Beautiful Abstract earrings,1099,"Amulette de Cartier earrings, XS model, 18K yellow gold, white mother-of-pearl, set with 2 brilliant-cut diamonds totaling 0.05 carats. Diameter of motifs: 12 mm.","Step into a world of elegance and refinement with our captivating earrings collection, where every piece is a testament to exquisite craftsmanship and timeless beauty. From delicate studs to dazzling chandeliers, our earrings are designed to adorn your ears with grace and sophistication, elevating your ensemble to new heights of style.

Indulge in the allure of our meticulously crafted designs, each pair meticulously created by skilled artisans using the finest materials and attention to detail. Whether you prefer the understated elegance of classic pearls, the sparkling brilliance of diamonds, or the vibrant hues of gemstones, our collection offers a diverse range of styles to suit every taste and occasion.",img/74.jpg
51,pendant,Pearl Pendant,499,"Paris Nouvelle Vague Pendant, 18K pink gold, set with 114 diamonds totaling 5.27 carats,Diameter of motif: 12 mm. Adjustable chain: 38-41 cm,XS model, 18K gold","Elevate your style with our exquisite pendant collection, where each piece is a manifestation of timeless elegance and refined craftsmanship. Crafted with precision and passion, our pendants exude sophistication, making them the perfect accessory to complement any outfit and occasion.

Indulge in the allure of our diverse range of designs, from classic solitaire pendants to intricately detailed masterpieces adorned with sparkling gemstones. Each pendant is thoughtfully curated to capture the essence of grace and beauty, allowing you to express your individuality with confidence and charm.",img/necklace_1.jpg
52,pendant,Purple-Ornage Stone Pendant,499,"Paris Nouvelle Vague Pendant, 18K pink gold, set with 114 diamonds totaling 5.27 carats,Diameter of motif: 12 mm. Adjustable chain: 38-41 cm,XS model, 18K gold","Elevate your style with our exquisite pendant collection, where each piece is a manifestation of timeless elegance and refined craftsmanship. Crafted with precision and passion, our pendants exude sophistication, making them the perfect accessory to complement any outfit and occasion.

Indulge in the allure of our diverse range of designs, from classic solitaire pendants to intricately detailed masterpieces adorned with sparkling gemstones. Each pendant is thoughtfully curated to capture the essence of grace and beauty, allowing you to express your individuality with confidence and charm.",img/necklace_2.jpg
53,pendant,Orange-Green Pearl Pendant,399,"Paris Nouvelle Vague Pendant, 18K pink gold, set with 114 diamonds totaling 5.27 carats,Diameter of motif: 12 mm. Adjustable chain: 38-41 cm,XS model, 18K gold","Elevate your style with our exquisite pendant collection, where each piece is a manifestation of timeless elegance and refined craftsmanship. Crafted with precision and passion, our pendants exude sophistication, making them the perfect accessory to complement any outfit and occasion.

Indulge in the allure of our diverse range of designs, from classic solitaire pendants to intricately detailed masterpieces adorned with sparkling gemstones. Each pendant is thoughtfully curated to capture the essence of grace and beauty, allowing you to express your individuality with confidence and charm.",img/necklace_3.jpg
54,pendant,Black-White Pearl Pendant,559,"Paris Nouvelle Vague Pendant, 18K pink gold, set with 114 diamonds totaling 5.27 carats,Diameter of motif: 12 mm. Adjustable chain: 38-41 cm,XS model, 18K gold","Elevate your style with our exquisite pendant collection, where each piece is a manifestation of timeless elegance and refined craftsmanship. Crafted with precision and passion, our pendants exude sophistication, making them the perfect accessory to complement any outfit and occasion.

Indulge in the allure of our diverse range of designs, from classic solitaire pendants to intricately detailed masterpieces adorned with sparkling gemstones. Each pendant is thoughtfully curated to capture the essence of grace and beauty, allowing you to express your individuality with confidence and charm.",img/necklace_4.jpg
55,pendant,Purple Heart Pendant,299,"Paris Nouvelle Vague Pendant, 18K pink gold, set with 114 diamonds totaling 5.27 carats,Diameter of motif: 12 mm. Adjustable chain: 38-41 cm,XS model, 18K gold","Elevate your style with our exquisite pendant collection, where each piece is a manifestation of timeless elegance and refined craftsmanship. Crafted with precision and passion, our pendants exude sophistication, making them the perfect accessory to complement any outfit and occasion.

Indulge in the allure of our diverse range of designs, from classic solitaire pendants to intricately detailed masterpieces adorned with sparkling gemstones. Each pendant is thoughtfully curated to capture the essence of grace and beauty, allowing you to express your individuality with confidence and charm.",img/necklace_6.jpg
56,pendant,Light Blue Heart Pendant,999,"Paris Nouvelle Vague Pendant, 18K pink gold, set with 114 diamonds totaling 5.27 carats,Diameter of motif: 12 mm. Adjustable chain: 38-41 cm,XS model, 18K gold","Elevate your style with our exquisite pendant collection, where each piece is a manifestation of timeless elegance and refined craftsmanship. Crafted with precision and passion, our pendants exude sophistication, making them the perfect accessory to complement any outfit and occasion.

Indulge in the allure of our diverse range of designs, from classic solitaire pendants to intricately detailed masterpieces adorned with sparkling gemstones. Each pendant is thoughtfully curated to capture the essence of grace and beauty, allowing you to express your individuality with confidence and charm.",img/necklace_7.jpg
57,pendant,Purple Clove Pendant,889,"Paris Nouvelle Vague Pendant, 18K pink gold, set with 114 diamonds totaling 5.27 carats,Diameter of motif: 12 mm. Adjustable chain: 38-41 cm,XS model, 18K gold","Elevate your style with our exquisite pendant collection, where each piece is a manifestation of timeless elegance and refined craftsmanship. Crafted with precision and passion, our pendants exude sophistication, making them the perfect accessory to complement any outfit and occasion.

Indulge in the allure of our diverse range of designs, from classic solitaire pendants to intricately detailed masterpieces adorned with sparkling gemstones. Each pendant is thoughtfully curated to capture the essence of grace and beauty, allowing you to express your individuality with confidence and charm.",img/necklace_9.jpg
58,pendant,Bird Pendant,799,"Paris Nouvelle Vague Pendant, 18K pink gold, set with 114 diamonds totaling 5.27 carats,Diameter of motif: 12 mm. Adjustable chain: 38-41 cm,XS model, 18K gold","Elevate your style with our exquisite pendant collection, where each piece is a manifestation of timeless elegance and refined craftsmanship. Crafted with precision and passion, our pendants exude sophistication, making them the perfect accessory to complement any outfit and occasion.

Indulge in the allure of our diverse range of designs, from classic solitaire pendants to intricately detailed masterpieces adorned with sparkling gemstones. Each pendant is thoughtfully curated to capture the essence of grace and beauty, allowing you to express your individuality with confidence and charm.",img/necklace_97.jpg
59,pendant,LOVE Letter Pendant,799,"Paris Nouvelle Vague Pendant, 18K pink gold, set with 114 diamonds totaling 5.27 carats,Diameter of motif: 12 mm. Adjustable chain: 38-41 cm,XS model, 18K gold","Elevate your style with our exquisite pendant collection, where each piece is a manifestation of timeless elegance and refined craftsmanship. Crafted with precision and passion, our pendants exude sophistication, making them the perfect accessory to complement any outfit and occasion.

Indulge in the allure of our diverse range of designs, from classic solitaire pendants to intricately detailed masterpieces adorned with sparkling gemstones. Each pendant is thoughtfully curated to capture the essence of grace and beauty, allowing you to express your individuality with confidence and charm.",img/necklace_98.jpg
60,pendant,I love you With Arrow Pendant,799,"Paris Nouvelle Vague Pendant, 18K pink gold, set with 114 diamonds totaling 5.27 carats,Diameter of motif: 12 mm. Adjustable chain: 38-41 cm,XS model, 18K gold","Elevate your style with our exquisite pendant collection, where each piece is a manifestation of timeless elegance and refined craftsmanship. Crafted with precision and passion, our pendants exude sophistication, making them the perfect accessory to complement any outfit and occasion.

Indulge in the allure of our diverse range of designs, from classic solitaire pendants to intricately detailed masterpieces adorned with sparkling gemstones. Each pendant is thoughtfully curated to capture the essence of grace and beauty, allowing you to express your individuality with confidence and charm.",img/necklace_99.jpg
61,pendant,Simple White Pearl Pendant ,799,"Paris Nouvelle Vague Pendant, 18K pink gold, set with 114 diamonds totaling 5.27 carats,Diameter of motif: 12 mm. Adjustable chain: 38-41 cm,XS model, 18K gold","Elevate your style with our exquisite pendant collection, where each piece is a manifestation of timeless elegance and refined craftsmanship. Crafted with precision and passion, our pendants exude sophistication, making them the perfect accessory to complement any outfit and occasion.

Indulge in the allure of our diverse range of designs, from classic solitaire pendants to intricately detailed masterpieces adorned with sparkling gemstones. Each pendant is thoughtfully curated to capture the essence of grace and beauty, allowing you to express your individuality with confidence and charm.",img/necklace_100.jpg
62,pendant,Infinity Pendant ,799,"Paris Nouvelle Vague Pendant, 18K pink gold, set with 114 diamonds totaling 5.27 carats,Diameter of motif: 12 mm. Adjustable chain: 38-41 cm,XS model, 18K gold","Elevate your style with our exquisite pendant collection, where each piece is a manifestation of timeless elegance and refined craftsmanship. Crafted with precision and passion, our pendants exude sophistication, making them the perfect accessory to complement any outfit and occasion.

Indulge in the allure of our diverse range of designs, from classic solitaire pendants to intricately detailed masterpieces adorned with sparkling gemstones. Each pendant is thoughtfully curated to capture the essence of grace and beauty, allowing you to express your individuality with confidence and charm.",img/necklace_102.jpg
63,pendant,Heart with Love Pendant ,799,"Paris Nouvelle Vague Pendant, 18K pink gold, set with 114 diamonds totaling 5.27 carats,Diameter of motif: 12 mm. Adjustable chain: 38-41 cm,XS model, 18K gold","Elevate your style with our exquisite pendant collection, where each piece is a manifestation of timeless elegance and refined craftsmanship. Crafted with precision and passion, our pendants exude sophistication, making them the perfect accessory to complement any outfit and occasion.

Indulge in the allure of our diverse range of designs, from classic solitaire pendants to intricately detailed masterpieces adorned with sparkling gemstones. Each pendant is thoughtfully curated to capture the essence of grace and beauty, allowing you to express your individuality with confidence and charm.",img/necklace_103.jpg
64,pendant,Cute Bow Pendant ,799,"Paris Nouvelle Vague Pendant, 18K pink gold, set with 114 diamonds totaling 5.27 carats,Diameter of motif: 12 mm. Adjustable chain: 38-41 cm,XS model, 18K gold","Elevate your style with our exquisite pendant collection, where each piece is a manifestation of timeless elegance and refined craftsmanship. Crafted with precision and passion, our pendants exude sophistication, making them the perfect accessory to complement any outfit and occasion.

Indulge in the allure of our diverse range of designs, from classic solitaire pendants to intricately detailed masterpieces adorned with sparkling gemstones. Each pendant is thoughtfully curated to capture the essence of grace and beauty, allowing you to express your individuality with confidence and charm.",img/necklace_104.jpg
65,pendant,Heart Infinity Pendant ,799,"Paris Nouvelle Vague Pendant, 18K pink gold, set with 114 diamonds totaling 5.27 carats,Diameter of motif: 12 mm. Adjustable chain: 38-41 cm,XS model, 18K gold","Elevate your style with our exquisite pendant collection, where each piece is a manifestation of timeless elegance and refined craftsmanship. Crafted with precision and passion, our pendants exude sophistication, making them the perfect accessory to complement any outfit and occasion.

Indulge in the allure of our diverse range of designs, from classic solitaire pendants to intricately detailed masterpieces adorned with sparkling gemstones. Each pendant is thoughtfully curated to capture the essence of grace and beauty, allowing you to express your individuality with confidence and charm.",img/necklace_105.jpg
66,pendant,Double Heart Pendant ,799,"Paris Nouvelle Vague Pendant, 18K pink gold, set with 114 diamonds totaling 5.27 carats,Diameter of motif: 12 mm. Adjustable chain: 38-41 cm,XS model, 18K gold","Elevate your style with our exquisite pendant collection, where each piece is a manifestation of timeless elegance and refined craftsmanship. Crafted with precision and passion, our pendants exude sophistication, making them the perfect accessory to complement any outfit and occasion.

Indulge in the allure of our diverse range of designs, from classic solitaire pendants to intricately detailed masterpieces adorned with sparkling gemstones. Each pendant is thoughtfully curated to capture the essence of grace and beauty, allowing you to express your individuality with confidence and charm.",img/necklace_106.jpg
67,pendant,Double Infinity Pendant ,799,"Paris Nouvelle Vague Pendant, 18K pink gold, set with 114 diamonds totaling 5.27 carats,Diameter of motif: 12 mm. Adjustable chain: 38-41 cm,XS model, 18K gold","Elevate your style with our exquisite pendant collection, where each piece is a manifestation of timeless elegance and refined craftsmanship. Crafted with precision and passion, our pendants exude sophistication, making them the perfect accessory to complement any outfit and occasion.

Indulge in the allure of our diverse range of designs, from classic solitaire pendants to intricately detailed masterpieces adorned with sparkling gemstones. Each pendant is thoughtfully curated to capture the essence of grace and beauty, allowing you to express your individuality with confidence and charm.",img/necklace_107.jpg
68,pendant,Rose Gold Infinity Heart Pendant ,799,"Paris Nouvelle Vague Pendant, 18K pink gold, set with 114 diamonds totaling 5.27 carats,Diameter of motif: 12 mm. Adjustable chain: 38-41 cm,XS model, 18K gold","Elevate your style with our exquisite pendant collection, where each piece is a manifestation of timeless elegance and refined craftsmanship. Crafted with precision and passion, our pendants exude sophistication, making them the perfect accessory to complement any outfit and occasion.

Indulge in the allure of our diverse range of designs, from classic solitaire pendants to intricately detailed masterpieces adorned with sparkling gemstones. Each pendant is thoughtfully curated to capture the essence of grace and beauty, allowing you to express your individuality with confidence and charm.",img/necklace_108.jpg
69,pendant,Infinity Circle Pendant ,799,"Paris Nouvelle Vague Pendant, 18K pink gold, set with 114 diamonds totaling 5.27 carats,Diameter of motif: 12 mm. Adjustable chain: 38-41 cm,XS model, 18K gold","Elevate your style with our exquisite pendant collection, where each piece is a manifestation of timeless elegance and refined craftsmanship. Crafted with precision and passion, our pendants exude sophistication, making them the perfect accessory to complement any outfit and occasion.

Indulge in the allure of our diverse range of designs, from classic solitaire pendants to intricately detailed masterpieces adorned with sparkling gemstones. Each pendant is thoughtfully curated to capture the essence of grace and beauty, allowing you to express your individuality with confidence and charm.",img/necklace_109.jpg
70,pendant,Kitty Pendant ,799,"Paris Nouvelle Vague Pendant, 18K pink gold, set with 114 diamonds totaling 5.27 carats,Diameter of motif: 12 mm. Adjustable chain: 38-41 cm,XS model, 18K gold","Elevate your style with our exquisite pendant collection, where each piece is a manifestation of timeless elegance and refined craftsmanship. Crafted with precision and passion, our pendants exude sophistication, making them the perfect accessory to complement any outfit and occasion.

Indulge in the allure of our diverse range of designs, from classic solitaire pendants to intricately detailed masterpieces adorned with sparkling gemstones. Each pendant is thoughtfully curated to capture the essence of grace and beauty, allowing you to express your individuality with confidence and charm.",img/necklace_119.jpg
71,pendant,Cute Star Pendant ,799,"Paris Nouvelle Vague Pendant, 18K pink gold, set with 114 diamonds totaling 5.27 carats,Diameter of motif: 12 mm. Adjustable chain: 38-41 cm,XS model, 18K gold","Elevate your style with our exquisite pendant collection, where each piece is a manifestation of timeless elegance and refined craftsmanship. Crafted with precision and passion, our pendants exude sophistication, making them the perfect accessory to complement any outfit and occasion.

Indulge in the allure of our diverse range of designs, from classic solitaire pendants to intricately detailed masterpieces adorned with sparkling gemstones. Each pendant is thoughtfully curated to capture the essence of grace and beauty, allowing you to express your individuality with confidence and charm.",img/necklace_123.jpg
72,pendant,Heart Cylinder Pendant ,799,"Paris Nouvelle Vague Pendant, 18K pink gold, set with 114 diamonds totaling 5.27 carats,Diameter of motif: 12 mm. Adjustable chain: 38-41 cm,XS model, 18K gold","Elevate your style with our exquisite pendant collection, where each piece is a manifestation of timeless elegance and refined craftsmanship. Crafted with precision and passion, our pendants exude sophistication, making them the perfect accessory to complement any outfit and occasion.

Indulge in the allure of our diverse range of designs, from classic solitaire pendants to intricately detailed masterpieces adorned with sparkling gemstones. Each pendant is thoughtfully curated to capture the essence of grace and beauty, allowing you to express your individuality with confidence and charm.",img/necklace_124.jpg
73,pendant,Rose Pendant ,799,"Paris Nouvelle Vague Pendant, 18K pink gold, set with 114 diamonds totaling 5.27 carats,Diameter of motif: 12 mm. Adjustable chain: 38-41 cm,XS model, 18K gold","Elevate your style with our exquisite pendant collection, where each piece is a manifestation of timeless elegance and refined craftsmanship. Crafted with precision and passion, our pendants exude sophistication, making them the perfect accessory to complement any outfit and occasion.

Indulge in the allure of our diverse range of designs, from classic solitaire pendants to intricately detailed masterpieces adorned with sparkling gemstones. Each pendant is thoughtfully curated to capture the essence of grace and beauty, allowing you to express your individuality with confidence and charm.",img/necklace_125.jpg
74,pendant,Pendant ,799,"Paris Nouvelle Vague Pendant, 18K pink gold, set with 114 diamonds totaling 5.27 carats,Diameter of motif: 12 mm. Adjustable chain: 38-41 cm,XS model, 18K gold","Elevate your style with our exquisite pendant collection, where each piece is a manifestation of timeless elegance and refined craftsmanship. Crafted with precision and passion, our pendants exude sophistication, making them the perfect accessory to complement any outfit and occasion.

Indulge in the allure of our diverse range of designs, from classic solitaire pendants to intricately detailed masterpieces adorned with sparkling gemstones. Each pendant is thoughtfully curated to capture the essence of grace and beauty, allowing you to express your individuality with confidence and charm.",img/necklace_126.jpg
75,pendant,Abstract Pendant ,799,"Paris Nouvelle Vague Pendant, 18K pink gold, set with 114 diamonds totaling 5.27 carats,Diameter of motif: 12 mm. Adjustable chain: 38-41 cm,XS model, 18K gold","Elevate your style with our exquisite pendant collection, where each piece is a manifestation of timeless elegance and refined craftsmanship. Crafted with precision and passion, our pendants exude sophistication, making them the perfect accessory to complement any outfit and occasion.

Indulge in the allure of our diverse range of designs, from classic solitaire pendants to intricately detailed masterpieces adorned with sparkling gemstones. Each pendant is thoughtfully curated to capture the essence of grace and beauty, allowing you to express your individuality with confidence and charm.",img/necklace_128.jpg
76,pendant,triple stone Pendant ,799,"Paris Nouvelle Vague Pendant, 18K pink gold, set with 114 diamonds totaling 5.27 carats,Diameter of motif: 12 mm. Adjustable chain: 38-41 cm,XS model, 18K gold","Elevate your style with our exquisite pendant collection, where each piece is a manifestation of timeless elegance and refined craftsmanship. Crafted with precision and passion, our pendants exude sophistication, making them the perfect accessory to complement any outfit and occasion.

Indulge in the allure of our diverse range of designs, from classic solitaire pendants to intricately detailed masterpieces adorned with sparkling gemstones. Each pendant is thoughtfully curated to capture the essence of grace and beauty, allowing you to express your individuality with confidence and charm.",img/necklace_129.jpg
77,pendant,Pendant ,799,"Paris Nouvelle Vague Pendant, 18K pink gold, set with 114 diamonds totaling 5.27 carats,Diameter of motif: 12 mm. Adjustable chain: 38-41 cm,XS model, 18K gold","Elevate your style with our exquisite pendant collection, where each piece is a manifestation of timeless elegance and refined craftsmanship. Crafted with precision and passion, our pendants exude sophistication, making them the perfect accessory to complement any outfit and occasion.

Indulge in the allure of our diverse range of designs, from classic solitaire pendants to intricately detailed masterpieces adorned with sparkling gemstones. Each pendant is thoughtfully curated to capture the essence of grace and beauty, allowing you to express your individuality with confidence and charm.",img/necklace_130.jpg
78,pendant,Double Butterfly Pendant ,799,"Paris Nouvelle Vague Pendant, 18K pink gold, set with 114 diamonds totaling 5.27 carats,Diameter of motif: 12 mm. Adjustable chain: 38-41 cm,XS model, 18K gold","Elevate your style with our exquisite pendant collection, where each piece is a manifestation of timeless elegance and refined craftsmanship. Crafted with precision and passion, our pendants exude sophistication, making them the perfect accessory to complement any outfit and occasion.

Indulge in the allure of our diverse range of designs, from classic solitaire pendants to intricately detailed masterpieces adorned with sparkling gemstones. Each pendant is thoughtfully curated to capture the essence of grace and beauty, allowing you to express your individuality with confidence and charm.",img/necklace_131.jpg
79,pendant,Hexagon Pendant ,799,"Paris Nouvelle Vague Pendant, 18K pink gold, set with 114 diamonds totaling 5.27 carats,Diameter of motif: 12 mm. Adjustable chain: 38-41 cm,XS model, 18K gold","Elevate your style with our exquisite pendant collection, where each piece is a manifestation of timeless elegance and refined craftsmanship. Crafted with precision and passion, our pendants exude sophistication, making them the perfect accessory to complement any outfit and occasion.

Indulge in the allure of our diverse range of designs, from classic solitaire pendants to intricately detailed masterpieces adorned with sparkling gemstones. Each pendant is thoughtfully curated to capture the essence of grace and beauty, allowing you to express your individuality with confidence and charm.",img/necklace_133.jpg
80,pendant,Heart Butterfly Pendant ,799,"Paris Nouvelle Vague Pendant, 18K pink gold, set with 114 diamonds totaling 5.27 carats,Diameter of motif: 12 mm. Adjustable chain: 38-41 cm,XS model, 18K gold","Elevate your style with our exquisite pendant collection, where each piece is a manifestation of timeless elegance and refined craftsmanship. Crafted with precision and passion, our pendants exude sophistication, making them the perfect accessory to complement any outfit and occasion.

Indulge in the allure of our diverse range of designs, from classic solitaire pendants to intricately detailed masterpieces adorned with sparkling gemstones. Each pendant is thoughtfully curated to capture the essence of grace and beauty, allowing you to express your individuality with confidence and charm.",img/necklace_137.jpg
